ID,DIVISION,CODE,PARENT,NAME,NAME_EN,NAME_RU,NAME_AR,DESCRIPTION,DESCRIPTION_EN,DESCRIPTION_RU,DESCRIPTION_AR
9aea164516f543399979664a9b0f7a37,מדינה,,,ישראל,Israel,,,,,,
b011b7ad7d2c45498a2e5de0d6089d28,מחוז,,ישראל,חיפה (מחוז),Haifa,Хайфский,حيفا,,,,
056a8e518d6146039f2c083ed485b36f,מחוז,,ישראל,הדרום,The South,Южный,الجنوب,,,,
4e9ed1355d234eba861f4678ae0c1eef,מחוז,,ישראל,תל אביב (מחוז),Tel Aviv,Тель-Авивский,تل أبيب,,,,
9d901ec9c2d8494fb564473880e3e60f,מחוז,,ישראל,המרכז,The Center,Центральный,المركز,,,,
528d9f45667a4d34b39fc1a1a1e2a7f4,מחוז,,ישראל,אזור יהודה והשומרון,Yehuda and Shumron,Иудея и Самария,يهودا والسامرة,,,,
a9231ab5ecf14d9f885e4b0e70e662b0,מחוז,,ישראל,הצפון,The North,Северный,الشمال,,,,
aa7658b6f0c14b18b596994538b8ff01,מחוז,,ישראל,ירושלים (מחוז),Jerusalem,Иерусалимский,القدس,,,,
d3bf007d81ba4515beb14e9cc58c5529,נפה,,הצפון,צפת (נפה),Tzfat,,صفد,,,,
2d832fb7301f4f09806f2a7136ec74e6,נפה,,הצפון,כנרת,Kinneret,,طبريا,,,,
28d76fa20bdb4ef1a90caffc40193589,נפה,,הצפון,יזרעל,Yisrael,,يزرعيل,,,,
1a65c99d2ee846b59e5620793986e94f,נפה,,הצפון,עכו (נפה),Akko,,عكا,,,,
3fed58a1361240cebf9486731c267a3d,נפה,,הצפון,גולן,Golan,,الجولان,,,,
304786e2f0be4e82aef90cf6c17e86ff,נפה,,חיפה (מחוז),חיפה (נפה),Haifa,,حيفا,,,,
eefecc0e096e4cbeb096c1bf7a3b3b97,נפה,,חיפה (מחוז),חדרה (נפה),Hadera,,الخضيرة,,,,
20efb5d773b14d599f236d6440dde390,נפה,,המרכז,השרון,HaSharon,,شارون,,,,
37532ea869ec42178e1b1cd6794ee690,נפה,,המרכז,פתח תקווה,Petach Tikva,,بتاح تكفا,,,,
31a2260e2a7c46a69c713c649e544198,נפה,,המרכז,רמלה (נפה),Ramla,,الرملة,,,,
1ce56b583b4c417d89f70392e96a97c1,נפה,,המרכז,רחובות (נפה),Rehovot,,رحوفوت,,,,
0e3688f7a7914a4c9fc3655149f0f10c,נפה,,תל אביב (מחוז),תל אביב (נפה),Tel Aviv,,تل أبيب,,,,
27c8eb6162ca4124b2af56928a58f421,נפה,,הדרום,אשקלון (נפה),Ashkelon,,اشكلون,,,,
74c7f71312854feea14203a2d98bf18f,נפה,,הדרום,באר שבע (נפה),Be'er Sheva,,بئر السبع,,,,
550ec0ac2f3c45c59a1e45d7866db197,עירייה,2710,חיפה (נפה),אום אל-פחם,Uum Al-Fahem,Умм-эль-Фахм,أم الفحم,,,,
150cdd10db4f436a89e5f13301d3a88a,עירייה,0031,הדרום,אופקים,Ofekim,Офаким,أوفاكيم,,,,
53c59b6a7f604d8f937f7a312724fb13,עירייה,2400,תל אביב (נפה),אור יהודה,Or Yehuda,Ор-Йехуда,أور یهودا,,,,
7e068312974f4282b94d77b392fc96f6,עירייה,1020,חיפה (נפה),אור עקיבא,Or Akiva,Ор-Акива,أور عقيفا,,,,
12c7cda647494943925ad81fae7d3337,עירייה,2600,הדרום,אילת,Eilat,Эйлат,إيلات,,,,
9407e8d4f25c4175a8506782c9c13793,עירייה,1309,המרכז,אלעד,Elad,Эльад,العاد,,,,
4f8c3e1b1a0f44369493c11ed81d94d3,עירייה,3570,אזור יהודה והשומרון,אריאל,Ariel,Ариэль,أريئيل,,,,
6d358c62322f4f85901ca6b9d816a05d,עירייה,0070,הדרום,אשדוד,Ashdod,Ашдод,أشدود,,,,
70c1fe9f8c7a407e895efaf756fb4e31,עירייה,7100,הדרום,אשקלון,Ashkelon,Ашкелон,اشكلون,,,,
34154c9d54df417cbadea4396b2d33f4,עירייה,6000,חיפה (נפה),באקה אל-גרביה,Baka El-Garbia,Бака Эль-Гарбия,باقة الغربية,,,,
7d01f9a3403d4ab589e7b8837d0f656c,עירייה,9000,הדרום,באר שבע,Be'er Sheva,Беэр-Шева,بئر السبع,,,,
07155f2c3a804243b711173120f009a8,עירייה,9200,הצפון,בית שאן,Beit She'an,Бейт-Шеан,بيت شان,,,,
2c9e216d0c6440e0a8c5c9068de6a8f7,עירייה,2610,ירושלים (מחוז),בית שמש,Bet Shemesh,Бейт-Шемеш,بيت شمش,,,,
772a0b1b4cde48779eed4cf3ffbb99c5,עירייה,3780,אזור יהודה והשומרון,ביתר עילית,Beitar Illit,Бейтар-Илит,بيتار عيليت,,,,
be112e58744743038b9d3d5ae63d2b96,עירייה,6100,תל אביב (נפה),בני ברק,Bnei Barak,Бней-Брак,بني براك,,,,
5bd95f8d7f814cf682ad32e1508bf0e9,עירייה,6200,תל אביב (נפה),בת ים,Bat Yam,Бат-Ям,بات يام,,,,
42ac4e45dc3045f28f1c2d585bca8f7c,עירייה,0681,המרכז,גבעת שמואל,Givat Shmuel,Гиват-Шмуэль,جفعات شموئيل,,,,
508bbf765d8940c29d1fcc422698b7d5,עירייה,6300,תל אביב (נפה),גבעתיים,Givatayim,Гиватаим,جفعاتايم,,,,
7a7a8d9ccf7d4a42a334de3173af7e41,עירייה,2200,הדרום,דימונה,Dimonah,Димона,ديمونة,,,,
41fc94912974459ea702b6f501ac3095,עירייה,9700,המרכז,הוד השרון,Hod HaSharon,Ход-ха-Шарон,هود هشارون,,,,
1fabf8b9a780410abbdf22adc7417bed,עירייה,6400,תל אביב (נפה),הרצלייה,Herzliya,Герцлия,هرتزيلية,,,,
dbd6d702463344c0b07edd8246708d20,עירייה,6500,חיפה (נפה),חדרה,Hadera,Хадера,الخضيرة,,,,
54b3c9d772954653a5d7b3cd19cdd06e,עירייה,6600,תל אביב (נפה),חולון,Holon,Холон,حولون,,,,
cc3625ccb12c4422bd55601dbd62945b,עירייה,4000,חיפה (נפה),חיפה,Haifa,Хайфа,حيفا,,,,
041527a688ae4574bbfb385ef239e4ef,עירייה,6700,הצפון,טבריה,Tiberia,Тверия,طبريا,,,,
cc0c869bcc4546da8f3f2da5a334eb4e,עירייה,2730,המרכז,טייבה,Taibeh,Тайбе,الطيبة,,,,
d32d0409feb443bf864f85ed958df8b6,עירייה,2720,המרכז,טירה,Tira,Тира,الطيرة,,,,
050ee3355bf543e19447782d02089b2b,עירייה,2100,חיפה (נפה),טירת כרמל,Tirat HaCarmel,Тират-Кармель,طيرة الكرمل,,,,
26fe66bd2b8b44b58617a78089e9557d,עירייה,8900,הצפון,טמרה,Tamara,Тамра,طمرة,,,,
7ea38d1a3578426e85b42cc08dcb5228,עירייה,2660,המרכז,יבנה,Yavneh,Явне,يفنه,,,,
82a9af746c6c4507905e157f33a10477,עירייה,9400,המרכז,יהוד,Yehud,Йехуд,يهود,,,,
e56f5cdbff63428c85add263a4843ea6,עירייה,0240,הצפון,יקנעם עילית,Yokne'am Illit,Йокнеам-Илит,يوكنعام عيليت,,,,
b9ff36b044ee4b76a65d482f425e561f,עירייה,3000,ירושלים (מחוז),ירושלים,Jerusalem,Иерусалим,القدس,,,,
f48e25caf17543aea82b3eb0fc5fcee9,עירייה,6900,המרכז,כפר סבא,Kfar Saba,Кфар-Сава,كفار سابا,,,,
5ce5756e9b88428cb6eb2899690d15e7,עירייה,0634,המרכז,כפר קאסם,Kfar Qassam,Кафр-Касем,كفر قاسم,,,,
cdfabcb3d5444c039218f17a8e27324c,עירייה,1139,הצפון,כרמיאל,Carmiel,Кармиэль,كرمئيل,,,,
703d963afe71412db7d68a75ccf238a1,עירייה,7000,המרכז,לוד,Lod,Лод,اللد,,,,
7aece5081b1742628f401dbb3cc07cf0,עירייה,0874,הצפון,מגדל העמק,Migdal HaEmek,Мигдаль-ха-Эмек,مجدال هعيمق,,,,
60de51e6735946d99d4af845d4497d80,עירייה,3797,אזור יהודה והשומרון,מודיעין עילית,Modi'in Illit,Модиин-Илит,موديعين عيليت,,,,
d5e92624e1bc4277ae93a27f7004e56b,עירייה,1200,המרכז,מודיעין-מכבים-רעות*,Modi'in Maccabim-Reut,Модиин-Маккабим-Реут,موديعين-مكابيم-ريعوت,,,,
a115a2575ed64ed7b1c8e8cab3733372,עירייה,3616,אזור יהודה והשומרון,מעלה אדומים,Ma'aleh Adomim,Маале-Адумим,معاليه أدوميم,,,,
f670bd4d84734256bd2e3763c68e7b85,עירייה,1063,הצפון,מעלות-תרשיחא,,Маалот-Таршиха,ترشيحا,,,,
7b9a0f2ff8a84f7791298d40b04d8c30,עירייה,9100,הצפון,נהרייה,Nahariya,Нагария,نهاريا,,,,
be45a113701042aa8490296e60856965,עירייה,7200,המרכז,נס ציונה,Ness Ziona,Нес-Циона,نيس زيونا,,,,
0d2c97409d15433bb13ad8106b198737,עירייה,7300,הצפון,נצרת,Nazereth,Назарет,الناصرة,,,,
af8f9fd260eb4d2d87d5c0bd193fb8d9,עירייה,1061,הצפון,נצרת עילית,Nazereth Illit,Нацерет-Иллит,نتسيرت عيليت,,,,
e0d9eb92f4bc43fb93b9958796d42602,עירייה,2500,חיפה (נפה),נשר,Nesher,Нешер,نيشير,,,,
bf33fad7eb634140a5886a6c9b1a5dc3,עירייה,0246,הדרום,נתיבות,Netivot,Нетивот,نتيفوت,,,,
c3b935f038dc4fb7aab5e0cfbc559d4c,עירייה,7400,המרכז,נתניה,Netanyah,Нетания,نتانيا,,,,
a469757b85714978b2f3d9862fc05220,עירייה,7500,הצפון,סח'נין,Sachnin,Сахнин,سخنين,,,,
0caaece024f84bd580a882086f419dde,עירייה,7600,הצפון,עכו,Akko,Акко,عكا,,,,
da000c52c20f4cf6b9ca040cd3602146,עירייה,7700,הצפון,עפולה,Afula,Афула,العفولة,,,,
ea41d826dcf64ef8835b0f1c4915e862,עירייה,2560,הדרום,ערד,Arad,Арад,عراد,,,,
08b62993b0a54ac8be9531913743eab2,עירייה,7900,המרכז,פתח תקווה,Petach Tikva,Петах-Тиква,بتاح تكفا,,,,
74d6ee4624d94e5f9adb61a22748cfd3,עירייה,8000,הצפון,צפת,Tzafat,Цфат,صفد,,,,
10d8eb58938641f58bdef2b9d306b099,עירייה,0638,המרכז,קלנסווה,,Калансуа,قلنسوة,,,,
395bf5f0cc60451f903ebb33e1d2efd7,עירייה,2620,תל אביב (נפה),קריית אונו,Kiryat Ono,Кирьят-Оно,كريات أونو,,,,
eaa9f6b1ef3049cdb4f42b7ea75c8aa5,עירייה,6800,חיפה (נפה),קריית אתא,Kiryat Ata,Кирьят-Ата,كريات آتا,,,,
c77181f94d5e4796a2a3e5ce56b51667,עירייה,9500,חיפה (נפה),קריית ביאליק,Kiryat Bialik,Кирьят-Бялик,کریات بیالیك,,,,
7f41390c6322400486ddfdf7f4c8e99f,עירייה,2630,הדרום,קריית גת,Kiryat Gat,Кирьят-Гат,كريات جات,,,,
b848b15b30c84a1692aa2b138d5e1c24,עירייה,9600,חיפה (נפה),קריית ים,Kiryat Yam,Кирьят-Ям,كريات يام,,,,
2bf9d957e17c443f81adb22866638c08,עירייה,8200,חיפה (נפה),קריית מוצקין,Kiryat Motzkin,Кирьят-Моцкин,كريات موصقين,,,,
b2f53d2934ed407990716a909af04e3e,עירייה,1034,הדרום,קריית מלאכי,Kiryat Malakhi,Кирьят-Малахи,كريات ملاخي,,,,
83d4e4b7971c4ed28487c7e97d917b3c,עירייה,2800,הצפון,קריית שמונה,Kiryat Shmona,Кирьят-Шмона,كريات شمونة,,,,
334eeb55503541809f4201abac788430,עירייה,2640,המרכז,ראש העין,Rosh HaAyin,Рош-ха-Аин,روش هاعين,,,,
8ed48e7c4b014bf880685f2ca4128c30,עירייה,8300,המרכז,ראשון לציון,Rishon LeZion,Ришон-ле-Цион,ريشون لتسيون,,,,
e000850c773042e4b9a947b378560b10,עירייה,1161,הדרום,רהט,Rahat,Рахат,راهط,,,,
2be687053dca4a6d891277c58c0b0981,עירייה,8400,המרכז,רחובות,Rehovot,Реховот,رحوفوت,,,,
418748e8151440f7bf223322f3a06fba,עירייה,8500,המרכז,רמלה,Ramla,Рамла,الرملة,,,,
ffdc0080f2e14a18b638590b3cc71f19,עירייה,8600,תל אביב (נפה),רמת גן,Ramat Gan,Рамат-Ган,رمات غان,,,,
e0c441dc5b9a4af68f4894118dd7cb90,עירייה,2650,תל אביב (נפה),רמת השרון,Ramat HaSharon,Рамат-ха-Шарон,رامات هاشارون,,,,
a96a48c041f94a0ca93b3aa482f1654e,עירייה,8700,המרכז,רעננה,Ra'anana,Раанана,رعنانا,,,,
dc93493879e140fa8c426be40d2d7109,עירייה,1031,הדרום,שדרות,Sderot,Сдерот,شديروت,,,,
2c2cf8532b0c42f8b7466ce3195a89ac,עירייה,8800,הצפון,שפרעם,Shefa-'Amr,Шефарам,شفا عمرو,,,,
5b21a3d347f84bb395ece555cb7085e8,עירייה,5000,תל אביב (נפה),תל אביב -יפו,Tel Aviv,Тель-Авив,تل أبيب,,,,
81a5e5e1237b45278c072f431a0c227a,מועצה מקומית,0472,ירושלים (מחוז),אבו גוש,Abu Ghosh,Абу-Гош,أبو غوش,,,,
3406d46c495446e58225bbc371e959b4,מועצה מקומית,0473,הצפון,אבו סנאן,Abu Snan,Абу-Снан,أبو سنان,,,,
12d43fee49514197b91b301f19446725,מועצה מקומית,0182,המרכז,אבן יהודה,Even Yehuda,Эвен Йехуда,ابن يهودا,,,,
4543672b871f454aad90a3cc863f0e88,מועצה מקומית,3760,אזור יהודה והשומרון,אורנית,Oranit,,أورانيت,,,,
a9d00a93bca84fe78e54f611cfd4a840,מועצה מקומית,0565,תל אביב (נפה),אזור,Azor,Азор,ازور,,,,
b2046970b786430894400e184e6b6a3c,מועצה מקומית,0478,הצפון,אכסאל,Iksal,Иксал,إكسال,,,,
39fa5b9bab3944dbba48fbd61d9d9683,מועצה מקומית,0041,המרכז,אליכין,Elyakhin,,اليخين,,,,
a0da61291b1444789126fbd42436eb5c,מועצה מקומית,3750,אזור יהודה והשומרון,אלפי מנשה,Alfei Menashe,Альфей-Менаше,ألفيه منشه,,,,
e017ad0ea93049ff8cdf092fd36c5c95,מועצה מקומית,3560,אזור יהודה והשומרון,אלקנה,Elkana,,الكانا,,,,
768fecb8e3fa44918f8b035e890e482b,מועצה מקומית,0529,הצפון,אעבלין,I'billin,Ибилин,إعبلين,,,,
a049065f5472433d8425b2b199f11e86,מועצה מקומית,3650,אזור יהודה והשומרון,אפרתה,Efrat,Эфрат,افرات,,,,
974d5808e91d42cc893d651a02e164e6,מועצה מקומית,2530,המרכז,באר יעקב,Be'er Ya'akov,Беэр-Яаков,بئر يعقوب,,,,
9db74c4309d14d1385d9293a03fbc047,מועצה מקומית,0482,הצפון,בועיינה-נוג'ידאת,Bu'eine Nujeidat,Буейне-Нуджидат,البعينة,,,,
f79a6b9fca3249579cd924f25d390aef,מועצה מקומית,4001,הצפון,בוקעאתא,Buq'ata,Буката,بقعاثا,,,,
bf0ad6adfb7d4d37b624861cb0d1e0d8,מועצה מקומית,0998,הצפון,ביר אל-מכסור,Bir al-Maksur,Бир-аль-Максур,بئر المكسور,,,,
88066b145dab4d1a86d7bf3da6ed176f,מועצה מקומית,3574,אזור יהודה והשומרון,בית אל,Beit El,Бейт-Эль,بيت ايل,,,,
bc5993a0d7fb42f48ef1e428cf7b9c20,מועצה מקומית,3652,אזור יהודה והשומרון,בית אריה,Beit Aryeh-Ofarim,Бейт-Арье,,,,,
74f12d53897d434a8c84c62dcdad1404,מועצה מקומית,0480,הצפון,בית ג'ן,Beit Jann,Бейт-Джан,بيت جن,,,,
7316843e29fb47529c41b545ef392a0b,מועצה מקומית,0466,המרכז,בית דגן,Beit Dagan,,بيت اريه,,,,
2e33da3e2e5c4a3fb78ed020e043f445,מועצה מקומית,1066,המרכז,"בני עי""ש",Bnei Ayish,Бней-Аиш,بني عيش,,,,
38be5ba91237440eb2c425d03e76695c,מועצה מקומית,9800,חיפה (נפה),בנימינה-גבעת עדה*,Binyamina-Giv'at Ada,Биньямина-Гиват Ада,بنيامينا - جبعات آدا,,,,
bde8804176a143fd899d2f7b8087ab2c,מועצה מקומית,1326,חיפה (נפה),"בסמ""ה",Basma,,بسمة,,,,
4547b4d354aa487ea1d9ed22867c7e74,מועצה מקומית,0944,הצפון,בסמת טבעון,Basmat Tab'un,Басмат-Табун,بسمة طبعون,,,,
b7232bf554494fafb0afc10d6bb19c5f,מועצה מקומית,0483,הצפון,בענה,Bi'ina,Бина,بعنا,,,,
e876e4bbec1843e8a36dc78a548190bd,מועצה מקומית,3730,אזור יהודה והשומרון,גבעת זאב,Giv'at Ze'ev,Гиват-Зеэв,جفعات زئيف,,,,
99dc7b5b62184376b05e13481da89ab8,מועצה מקומית,1292,הצפון,ג'דיידה-מכר,Jadeidi-Makr,,جدايدة- مكر,,,,
ffd9d9d10f1848789bcc816244b4c742,מועצה מקומית,2550,המרכז,גדרה,Gedera,Гедера,جدارة,,,,
836b50c20bed4329b0e6eeee3f6c2815,מועצה מקומית,0485,הצפון,ג'ולס,Julis,Джулис,جولس,,,,
69c0323c721648daae9b4c41213b0f98,מועצה מקומית,0627,המרכז,ג'לג'וליה,Jaljulia,,جلجولية,,,,
f605e111185943c0a920506a1a0a98a6,מועצה מקומית,0166,המרכז,גן יבנה,Gan Yavne,Ган-Явне,غان يفنة,,,,
7242919b43914580a986490487bbaa46,מועצה מקומית,0229,המרכז,גני תקווה,Ganei Tikva,,جاني تكفا,,,,
1c99b811efa54fb59237b1326477fbfe,מועצה מקומית,0541,חיפה (נפה),ג'סר א-זרקא,Jisr az-Zarqa,,جسر الزرقاء,,,,
041507f9c3e94b0d9966595157aceecb,מועצה מקומית,0487,הצפון,ג'ש (גוש חלב),Jish,Джиш,الجش,,,,
64adcae7145246f68df2f1fd97a878a4,מועצה מקומית,0628,חיפה (נפה),ג'ת,Jatt,,جت,,,,
48827ee6f50e4eceab399eac8201f69a,מועצה מקומית,0494,חיפה (נפה),דאלית אל-כרמל,Daliyat al-Karmel,,دالية الكرمل,,,,
a0d644fa15144bdb8f446ee3403c1945,מועצה מקומית,0489,הצפון,דבורייה,Daburiyya,Дабурия,دبورية,,,,
8771cf96eb9245cfae4e52a44d6d74f4,מועצה מקומית,0490,הצפון,דייר אל-אסד,Deir al-Asad,Дейр-аль-Асад,دير الأسد,,,,
eb701ea3b9114e52943fc6aa5e5e075f,מועצה מקומית,0492,הצפון,דייר חנא,Deir Hanna,,دير حنا,,,,
f519c13ff4e842ef9440c37d5c22cf56,מועצה מקומית,3769,אזור יהודה והשומרון,הר אדר,Har Adar,,هار ادار,,,,
58bd727d942d457fb2675a3a571a24cd,מועצה מקומית,9300,חיפה (נפה),זכרון יעקב,Zikhron Ya'akov,Зихрон-Яаков,زخرون ياكوف,,,,
1bc264d4690f4d148b3b5101d836461e,מועצה מקומית,1290,המרכז,זמר,Zemer,,زيمر,,,,
2ec46881ffa64127a259046348ec6afc,מועצה מקומית,0975,הצפון,זרזיר,Zarzir,Зарзир,زرزور,,,,
b460d0f5fdbd41d9b55c5a0588bcce35,מועצה מקומית,1303,הדרום,חורה,Hura,Хура,حورة,,,,
ea30d88ac3ae4f74b56cbcbefa39424c,מועצה מקומית,0496,הצפון,חורפיש,Hurfeish,Хурфейш,حرفيش,,,,
b4676e8e1abd4c1cbf29f782fa2630df,מועצה מקומית,2034,הצפון,חצור הגלילית,Hatzor HaGlilit,Хацор-ха-Глилит,حورة,,,,
5f6974e1955041459f7b027c41120cfe,מועצה מקומית,0962,הצפון,טובא-זנגרייה,Tuba-Zangariyye,,طوبا الزنغرية,,,,
9cd663c8426441e29487378afe2e5fdc,מועצה מקומית,0498,הצפון,טורעאן,Tur'an,,طرعان,,,,
fcbf3ac8325e454897ff1d7e75fb3b84,מועצה מקומית,1295,הצפון,יאנוח-ג'ת,Yanuh-Jat,,طوبا-زنغريا,,,,
ef262b380701406c9eae4e01976c9732,מועצה מקומית,0046,הצפון,יבנאל,Yavne'el,,يفنئل,,,,
8f9b2b6f8bbe4d4db42539686f7f28f3,מועצה מקומית,0029,הצפון,יסוד המעלה,Yesud HaMa'ala,Йесуд-ха-Маала,يسود همعلاة,,,,
1b8c7fac04784d248c7a9b23725c2926,מועצה מקומית,0499,הצפון,יפיע,Yafa an-Naseriyye,Яфия,يفيع,,,,
a6b2dc75948a488e8217098a9bf7328c,מועצה מקומית,0831,הדרום,ירוחם,Yeruham,Йерухам,يروحام,,,,
69f0e8e800f049e1bbf5528c961a55c9,מועצה מקומית,0502,הצפון,ירכא,Yarka,Ярка,يركا,,,,
55c958ec2124458e97c006362836406f,מועצה מקומית,0504,הצפון,כאבול,"Kabul, Israel",Кабул,كابول,,,,
7051566fa6004459a6fdb871c7a27466,מועצה מקומית,0505,הצפון,כאוכב אבו אל-היג'א,Kaukab Abu al-Hija,Каукаб-абу-аль-Хиджа,كاوكب أبو - الهيجاء,,,,
55c01838ea9d47408a8e945b5211634d,מועצה מקומית,1224,המרכז,כוכב יאיר,Kokhav Ya'ir,Кохав-Яир,كوخاف يائير,,,,
c5705eea5c81438cac20b5f5dd222ab6,מועצה מקומית,1059,הדרום,כסיפה,Kuseife,Кусейфе,كسيفه,,,,
33959b6c00314e41a3e4ce7ee2594af8,מועצה מקומית,1296,הצפון,כסרא-סמיע,Kisra-Sumei,,الكسرة - ساميع,,,,
e17c3dbbe1a945efa39fb1ab8d05052f,מועצה מקומית,0978,הצפון,כעביה-טבאש-חג'אג'רה,Ka'abiyye-Tabbash-Hajajre,Каабия-Табаш-Хаджаджра,كعبيا-طباش-حجاجرة,,,,
ed4bbb20dd994ec186b348e6f1796000,מועצה מקומית,0633,המרכז,כפר ברא,Kafr Bara,,كفر برا,,,,
1e68d6a03bd54d8da6824a41b59ff76d,מועצה מקומית,1263,הצפון,כפר ורדים,Kfar Vradim,Кфар-Врадим,كفر ورود,,,,
134e5acec01b49a78c3fc36c736c79a8,מועצה מקומית,0507,הצפון,כפר יאסיף,Kafr Yasif,Кафр-Ясиф,كفرياسيف,,,,
ce4d03788ee747b392397e4832129bbf,מועצה מקומית,0168,המרכז,כפר יונה,Kfar Yona,Кфар-Йона,كفار يونا,,,,
469418d06fed458ca5550c328eca78a7,מועצה מקומית,0508,הצפון,כפר כמא,Kfar Kama,Кфар-Кама,كفر كما,,,,
eade6072b627491cbaf0b4338415a374,מועצה מקומית,0509,הצפון,כפר כנא,Kafr Kanna,Кафр-Кана,كفر كنا,,,,
815f0b996eb7428f894d0043706efdc8,מועצה מקומית,0510,הצפון,כפר מנדא,Kafr Manda,Кфар-Манда,كفر مندا,,,,
9ee0f86b855b43dbb1a89a09779c50d1,מועצה מקומית,0654,חיפה (נפה),כפר קרע,Kafr Qara,,كفر قرع,,,,
f77486994dcc45e2876b1384f87eed3c,מועצה מקומית,0267,תל אביב (נפה),כפר שמריהו,Kfar Shmaryahu,Кфар-Шмарьягу,كفر شمرياهو,,,,
e2d5f3659f4d47fe80e611041566c2d5,מועצה מקומית,0047,הצפון,כפר תבור,Kfar Tavor,Кфар-Тавор,كفار تابور,,,,
96a08724d92d465a94d7138211dda23f,מועצה מקומית,1271,הדרום,להבים,Lehavim,Лехавим,لهافيم,,,,
52857522bb9c457789c45f3e382bcf6b,מועצה מקומית,1060,הדרום,לקיה,Lakiya,Лакия,لاكيا,,,,
1c3894943b70455896926464acc114f3,מועצה מקומית,1015,ירושלים (מחוז),מבשרת ציון,Mevaseret Zion,Мевасерет-Цион,مفاشرت تسيون,,,,
160593b9d806451f86d90adfce819d8d,מועצה מקומית,0481,הצפון,מגאר,Maghar,,المغار,,,,
1aa68a80628a4b6090bdc07d89a8ace9,מועצה מקומית,0516,הצפון,מג'ד אל-כרום,Majd al-Krum,,مجد الكروم,,,,
d4edff0fe20040cbb8b4a2efb7a36c7c,מועצה מקומית,0065,הצפון,מגדל,"Migdal, Israel",,مجدل,,,,
65dff33af00646fc903ca0ca5a27fe47,מועצה מקומית,4201,הצפון,מג'דל שמס,Majdal Shams,Мадждаль-Шамс,مجدل شمس,,,,
27d89181f6194cb9819d09badd52d954,מועצה מקומית,0028,המרכז,מזכרת בתיה,Mazkeret Batya,,مزكيرت باتيا,,,,
3af1a69f808b4a16bd79458afb0f1cf8,מועצה מקומית,0517,הצפון,מזרעה,Mazra'a,,مزرعه,,,,
de1f61aae493484883a7ede72264f5b2,מועצה מקומית,0043,הצפון,מטולה,Metula,Метула,ماتولا,,,,
d167da4dfc404d73ade71bffd30a1d8e,מועצה מקומית,1268,הדרום,מיתר,Meitar,Мейтар,ميتر,,,,
9e0f0c4412784cc598f1db5e0b0714e9,מועצה מקומית,4203,הצפון,מסעדה,Mas'ade,Масаада,مسعدة,,,,
e18a91d1197e45709dae53e98e6351b7,מועצה מקומית,0518,הצפון,מעיליא,Mi'ilya,,معليا,,,,
2dc93852a416461ab29d0c3deb7a6cac,מועצה מקומית,3608,אזור יהודה והשומרון,מעלה אפרים,Ma'ale Efrayim,,معاليه افرايم,,,,
b1c8918d43cc40478d11c1c6397d8bbd,מועצה מקומית,1327,חיפה (נפה),מעלה עירון,Ma'ale Iron,,معاليه عيرون,,,,
5887dc3cb9c14a37af7739bf361af726,מועצה מקומית,0099,הדרום,מצפה רמון,Mitzpe Ramon,Мицпе-Рамон,ميتسبي رامون,,,,
0c3b5ae61b40469a869e82f0ce451cea,מועצה מקומית,0520,הצפון,משהד,"Mashhad, Israel",Машхад,المشهد,,,,
7331a1d4f498436488af827185d301b5,מועצה מקומית,0522,הצפון,נחף,Nahf,Нахф,نحف,,,,
9c983e64f7b74fe39f4728e8c539ae30,מועצה מקומית,0525,הצפון,סאג'ור,Sajur,,ساجور,,,,
d82c4ebff8d149759d7398e5ef9b1e46,מועצה מקומית,0587,המרכז,סביון*,Savyon,,سسافيون,,,,
f27aa56e69f8441491668f4add5b0c6d,מועצה מקומית,4501,הצפון,ע'ג'ר,Ghajar,,غجر,,,,
c707493363bf411890e13f735f7407a9,מועצה מקומית,0666,הדרום,עומר,Omer,,عمر,,,,
77273fae41d1426dab3d78e5ed61ddbf,מועצה מקומית,0530,הצפון,עיילבון,Eilabun,,علابون,,,,
e4605d90172c462ba963d48a34dad725,מועצה מקומית,0511,הצפון,עילוט,Ilut,Илут,عيلوط,,,,
84b252c4f59a49ecaa051df7d2cd0cc3,מועצה מקומית,0532,הצפון,עין מאהל,Ein Mahil,,عين ماهل,,,,
474da3f0651c4a31a1df3e0be7214a64,מועצה מקומית,4502,הצפון,עין קנייא,Ein Qiniyye,,عين قنية,,,,
e2df5b0608b54659b450208e13605cfa,מועצה מקומית,3660,אזור יהודה והשומרון,עמנואל,Immanuel,,عيمانويل,,,,
2210cc6a53974c68ae8794e6a5179db9,מועצה מקומית,0534,חיפה (נפה),עספיא,Isfiya,,عصفيا,,,,
79842e9c1f114bc0b8601a143c527f07,מועצה מקומית,0531,הצפון,עראבה,Arraba,Аррабе,عرابة,,,,
c26d0bfa700a438b91ea65efa74304c9,מועצה מקומית,0637,חיפה (נפה),ערערה,Ar'ara,,عرعرة المثلث,,,,
7049973e0a664a4a871c1eefb20eea70,מועצה מקומית,1192,הדרום,ערערה-בנגב,Ar'arat an-Naqab,Арара-ба-Негев,عرعرة-الجنوب,,,,
01598b69acd643478630758f4365813e,מועצה מקומית,0537,חיפה (נפה),פוריידיס,Fureidis,,الفريديس,,,,
d36a691bd8694690a5c7d0019497d3d1,מועצה מקומית,0535,הצפון,פסוטה,Fassuta,,فصوطه,,,,
b45dab9e1036463e9c7ca8c36c3a38e0,מועצה מקומית,0536,הצפון,פקיעין (בוקייעה),Peki'in,Пкиин,البقيعة,,,,
f1e67ae3244e427096a2416f4e39ae5f,מועצה מקומית,7800,חיפה (נפה),פרדס חנה-כרכור,Pardes Hanna-Karkur,Пардес-Хана-Каркур,بارديس حنا-كركور,,,,
ff6ef4543a8b41e6b15121d84db6788d,מועצה מקומית,0171,המרכז,פרדסייה,Pardesiya,,فردسية,,,,
af8828bcc2a64d7893301258ca678fbd,מועצה מקומית,3557,אזור יהודה והשומרון,קדומים,Kedumim,Кдумим,كدوميم,,,,
d5cb13393948430aad4e0576862719cb,מועצה מקומית,0195,המרכז,קדימה-צורן,Tzoran-Kadima,Кадима-Цоран,كاديما- زوران,,,,
9647d68be6714c5fa50bbf22e032a778,מועצה מקומית,1247,חיפה (נפה),קציר-חריש,Katzir-Harish,,كتسير - حريش,,,,
f7c0bd751aa04d9d808cbc258fa69b0f,מועצה מקומית,4100,הצפון,קצרין,Katzrin,Кацрин,كتسيرين,,,,
c64d47bfbe9b43cd9b5e13349c2ef479,מועצה מקומית,3611,אזור יהודה והשומרון,קריית ארבע,Kiryat Arba,Кирьят-Арба,كريات أربع,,,,
9472d6c52ac040aa97edbc7ed176099b,מועצה מקומית,2300,חיפה (נפה),קריית טבעון,Kiryat Tiv'on,Кирьят-Тивон,كريات طبعون,,,,
cfc95a1f677a4bb589ee8cab4e7ac816,מועצה מקומית,1137,ירושלים (מחוז),קריית יערים,Kiryat Ye'arim,Кирьят-Йеарим,كريات يعاريم,,,,
b92e72e8742448c5ab4ca692eaab674c,מועצה מקומית,0469,המרכז,קריית עקרון,Kiryat Ekron,Кирьят-Экрон,كريات عقرون,,,,
92f7ce9f347e46d9b67f3476c8865ba2,מועצה מקומית,3640,אזור יהודה והשומרון,קרני שומרון,Karnei Shomron,,كارني شومرون,,,,
d56ce47cd49e4ecdbddf3fbef5520339,מועצה מקומית,0543,הצפון,ראמה,Rameh,,الرامة,,,,
a31c8f9307d7457c9f0b33358dd687a9,מועצה מקומית,0026,הצפון,ראש פינה,Rosh Pinna,Рош-Пинна,روش بينا,,,,
8e5475bfb5644ed089660450e871058f,מועצה מקומית,0542,הצפון,ריינה,Reineh,Рейне,الرينة,,,,
f8adde9a264a41119b0b499caff4ce52,מועצה מקומית,0922,חיפה (נפה),רכסים,Rekhasim,,رخاسيم,,,,
22a56423927441648eaf0668f267cfab,מועצה מקומית,0122,הצפון,רמת ישי,Ramat Yishai,Рамат-Ишай,رمات يشاي,,,,
a459799010274ee2b9fac3efab747b3b,מועצה מקומית,0913,הצפון,שבלי - אום אל-גנם,Shibli–Umm al-Ghanam,Шибли-Умм-аль-Ганам,شبلي-اوم الغنم,,,,
b094d756ea424edb9d383204a2da5ec8,מועצה מקומית,1286,הדרום,שגב-שלום,Shaqib al-Salam,Сегев-Шалом,شقيب السلام,,,,
4b3fcacdbcc4488f91b9d4f4245a534f,מועצה מקומית,1304,המרכז,שוהם,Shoham,,شوهام,,,,
0fc2499ac7a643158b9d6e21cca6861e,מועצה מקומית,0812,הצפון,שלומי,Shlomi,Шломи,شلومي,,,,
328b78721fa4431aab6e82974ff2617e,מועצה מקומית,0538,הצפון,שעב,Sha'ab,Шааб,شعب,,,,
392fa64af400437fbde3fda37d9c1f2d,מועצה מקומית,0154,המרכז,תל מונד,Tel Mond,,تل موند,,,,
f6ebe2b29f22499aaaf757cc8d729b8a,מועצה מקומית,1054,הדרום,תל שבע,Tel as-Sabi,Тель-Шева,تل السبع,,,,
d34f62589d304190b28727770408605d,מועצה אזורית,67,הדרום,אבו בסמה,Abu Basma,Абу Басма,أبو بسمة,,,,
59cf6e5ceb5149b5b11d179e44e748eb,מועצה אזורית,65,הצפון,אל-בטוף,El-Batuf,Аль-Батуф,البطوف,,,,
2294896b5e3d4786a4a17915f128c1a2,מועצה אזורית,45,חיפה (נפה),אלונה,Alona,Алона,الونا,,,,
a2bf5ec0603c43709a2d3eb3ba0f78c6,מועצה אזורית,38,הדרום,אשכול,Eshkol,Эшколь,اشكول,,,,
1823c1ddd82c4ee3913baa3efa686eac,מועצה אזורית,33,הדרום,באר טוביה,Be'er Tuvia,Беер-Тувия,بئر طوبيا,,,,
b2c471ae0e484112bbd1a0e62ddefcf6,מועצה אזורית,66,הצפון,בוסתן אל-מרג',Bustan El-Marj,Бустан-аль-Мардж,بستان المارج,,,,
ef23a69ec0f14d2ebe9e48d074332513,מועצה אזורית,41,הדרום,בני שמעון,Bnei Shim'on,Бней-Шимон,بني شمعون,,,,
d04b0cb67bba4ce580ecfc582fd8dd0a,מועצה אזורית,28,המרכז,ברנר,Brenner,Бреннер,برينر,,,,
e1de2d323e7f451f9f3f620c88989f54,מועצה אזורית,32,המרכז,גדרות,Gederot,Гдерот,جدروت,,,,
ee9ff43b73fd49f4a45942a25a2267cb,מועצה אזורית,71,הצפון,גולן,Golan,Голан,الجولان,,,,
88dcd35149ed4ffa9f3ff92258678548,מועצה אזורית,76,אזור יהודה והשומרון,גוש עציון,Gush Etzion,Гуш Эцийон,غوش عتصيون,,,,
b0187ee51d7c4a1987c48dcaa4a872ef,מועצה אזורית,30,המרכז,גזר,Gezer,Гезер,جيزير,,,,
c827d19788a4422f98bfcee872ee5309,מועצה אזורית,27,המרכז,גן רווה,Gan Raveh,Ган-Раве,غن رافه,,,,
1a403654fd5c4e188002a824f6f58f28,מועצה אזורית,20,המרכז,דרום השרון,Drom HaSharon,Дром Ха-Шарон,جنوب شارون,,,,
34154f892c7b48dc90a1cc7c3d64a690,מועצה אזורית,08,הצפון,הגלבוע,HaGilboa,Ха-Гильбоа,جلبوع,,,,
042af4d0acd74e8c81ca1be9e9f663fa,מועצה אזורית,01,הצפון,הגליל העליון,HaGalil HaElion,Ха-Галиль Ха-Эльйон,الجليل الأعلى,,,,
81fed8cc3ffc41488b634b80384eaa2c,מועצה אזורית,03,הצפון,הגליל התחתון,HaGalil HaTachton,Ха-Галиль Ха-Тахтон,لاجليل الاسفل,,,,
79b87b8cbd00490a923971ca6f6bef61,מועצה אזורית,54,הדרום,הערבה התיכונה,HaArava HaTichonah,Ха-Арава Ха-Тахтон,وادي عربة,,,,
2086a2676efa45e08afcd503a638ea79,מועצה אזורית,78,אזור יהודה והשומרון,הר חברון,Har Hermon,Хар Хермон,جبل الخليل,,,,
5c0d942fc2ae4902be719e1b092a1a78,מועצה אזורית,12,חיפה (נפה),זבולון,Zevulun,Звулун,زبولون,,,,
3dac94be5da24fd8ba6133363863d3f9,מועצה אזורית,53,הדרום,חבל אילות,Hevel Eilot,Хевель-Эйлот,حبل إيلوت,,,,
7a0ab50b14654374947613aa449af477,מועצה אזורית,29,המרכז,חבל יבנה,Hevel Yavne,Хевель Явне,حبل يفنه,,,,
d9263986b3c64cfc85365593541bbe35,מועצה אזורית,25,המרכז,חבל מודיעין,Hevel Modi'in,Хевель-Модиин,حبل موديعين,,,,
25ef2f332aeb47a186e0641a337396db,מועצה אזורית,36,הדרום,חוף אשקלון,Hof Ashkelon,Хоф Ашкелон,شاطئ اشكلون,,,,
72dcb81310ea40d2ae776f585f00198d,מועצה אזורית,15,חיפה (נפה),חוף הכרמל,Hof HaCarmel,Хоф Ха-Кармель,شاطئ الكرمل,,,,
f815b5cb4a794dd296c9ca911f9bdb9d,מועצה אזורית,19,המרכז,חוף השרון,Hof HaSharon,Хоф Ха-Шарон,شاطئ شارون,,,,
0ecf4cf9fd1c421a96343d3a09187383,מועצה אזורית,35,הדרום,יואב,Yoav,Йоав,يوآف,,,,
fc9a8ee5f26841f8b93b2ed7cd884e1b,מועצה אזורית,18,המרכז,לב השרון,Lev HaSharon,Лев Ха-Шарон,ليف هشارون,,,,
d0634e0d81fc4399a1f7157dda1016ae,מועצה אזורית,50,הדרום,לכיש,Lachish,Лахиш,لخيش,,,,
feaa8005de3843309e012a7be29aa021,מועצה אזורית,55,הצפון,מבואות החרמון,Mevo'ot HaHermon,Межот Ха-Хермон,مقدمات حرمون,,,,
4c58b07ce1d64b00a1d8990e402eeb4d,מועצה אזורית,13,הצפון,מגידו,Megiddo,Мегидо,مجيدو,,,,
9aae69e17ceb41a598f7913e88dfd315,מועצה אזורית,74,אזור יהודה והשומרון,מגילות ים המלח,Megillot Yam HaMelach,Мегилот Ям Ха-Мелах,مخطوطات البحر الميت,,,,
37960c283c2c4d76afa2aebd9b7c4580,מועצה אזורית,04,הצפון,מטה אשר,Mate Asher,Мате Ашер,ماطه آشر,,,,
5db6836162f44819b9d203d0cfcc7892,מועצה אזורית,73,אזור יהודה והשומרון,מטה בנימין,Mate Binyamin,Мате Биньямин,ماطه بنيامين,,,,
b0491d3f98554e73956972f8e8dd39f9,מועצה אזורית,26,ירושלים (מחוז),מטה יהודה,Mate Yehuda,Мате-Йехуда,ماطه يهودا,,,,
309c61a552a14324992209758eb85a46,מועצה אזורית,14,חיפה (נפה),מנשה,Menashe,Менаше,منشه,,,,
2630634e43fa4ddb87a8994084fd4177,מועצה אזורית,52,הצפון,מעלה יוסף,Ma'aleh Yosef,Маале Йосеф,معاليه يوسيف,,,,
e7e5d1eca8cb44ba9da3cd834d4809b7,מועצה אזורית,02,הצפון,מרום הגליל,Merom HaGalil,Мером-ха-Галиль,ميروم الجليل,,,,
bd3f90f23e954854a4a1ece19be2b0d2,מועצה אזורית,42,הדרום,מרחבים,Merchavim,Мерхавим,ميرهافيم,,,,
c227bae3aef7489f87bf9ba07dcfe6c3,מועצה אזורית,56,הצפון,משגב,Misgav,Мисгав,مسغاف,,,,
b5aca8ab3f274392815089ffe5e07377,מועצה אזורית,31,המרכז,נחל שורק,Nahal Sorek,Нахаль Сорек,ناحال سوريك,,,,
abd4b0b8881249ffa7f175b061327f80,מועצה אזורית,06,הצפון,עמק הירדן,Emek HaYarden,Эмек Ха-Ярден,وادي الأردن,,,,
f55f224871ee4b16819c4ffc5d1ab090,מועצה אזורית,07,הצפון,עמק המעיינות,Emek HaMa'ayanot,Эмек Ха-Мааянот,وادي الينابيع,,,,
bdcae54137794b688e3a79c67adf9d6b,מועצה אזורית,16,המרכז,עמק חפר,Emek Chefer,Эмек Хефер,عيمك حيفر,,,,
c9784956a4e546a5a6e34b8da32ac866,מועצה אזורית,09,הצפון,עמק יזרעאל,Emek Yizreel,Эмек Йизреель,عيمك يزرعيل,,,,
528a4d25310343ee9ceabcee7d68416a,מועצה אזורית,40,המרכז,עמק לוד,Emek Lod,Эмек Лод,عيمك اللد,,,,
737779fec1b44fc1bd015b20f5400f13,מועצה אזורית,75,אזור יהודה והשומרון,ערבות הירדן,Arvot HaYarden,Арвот Ха-Ярден,عرفوت الأردن,,,,
bb8108de43ba41a99853ba695355bc0d,מועצה אזורית,48,הדרום,רמת נגב,Ramat Negev,Рамат Негев,رمات النقب,,,,
746411daf7fb461e8d2fd707c18732f6,מועצה אזורית,39,הדרום,שדות נגב,Sedot Negev,Сдот Негев,سدوت النقب,,,,
191cbd373fb04abf8b5bd5927a49f46f,מועצה אזורית,72,אזור יהודה והשומרון,שומרון,Shomron,Шомрон,شومرون,,,,
2524f202ba69416ea8419a3117679459,מועצה אזורית,37,הדרום,שער הנגב,Sha'ar HaNegev,Шаар-ха-Негев,شعار هانيغيف,,,,
e559af1f4f244b6ead90c0335298fbe8,מועצה אזורית,34,הדרום,שפיר,Shafir,Шафир,شافير,,,,
993422f9230342eba4c1504803c38fd1,מועצה אזורית,51,הדרום,תמר,Tamar,Тамар,تامار,,,,
